run_label	variant	query	docker_rc	mode	wall_ms	seconds	throughput_src_rows_per_s	src_out	expected_src	out_rows	state	elapsed_s	jid	native_loaded	result_log	outer_log	note
csv-1m-accfile-p8-q5-q22-nockpt-max2400-20260610135726	forst-local	q5	0	SOURCE_PLATEAU	91381	91.381	713.63	65212	920000	303895	RUNNING	91	59952ad9ba5c4af8b263463eba6cf247	jar-extracted-libforstjni-linux64.so	/home/users/lijunqing/forst-nexmark-q0-q22-work-20260610/results/csv-1m-accfile-p8-q5-q22-nockpt-max2400-20260610135726-forst-local-q5.log	/home/users/lijunqing/forst-nexmark-q0-q22-work-20260610/logs/csv-1m-accfile-p8-q5-q22-nockpt-max2400-20260610135726-forst-local-q5.docker.log	stable_src_polls=7;stable_out_polls=7
csv-1m-accfile-p8-q5-q22-nockpt-max2400-20260610135726	forst-rs-lib	q5	0	SOURCE_PLATEAU	91312	91.312	714.52	65244	920000	303895	RUNNING	91	113a9164e412d729953f4e4931195149	bench-native-libforstjni.so	/home/users/lijunqing/forst-nexmark-q0-q22-work-20260610/results/csv-1m-accfile-p8-q5-q22-nockpt-max2400-20260610135726-forst-rs-lib-q5.log	/home/users/lijunqing/forst-nexmark-q0-q22-work-20260610/logs/csv-1m-accfile-p8-q5-q22-nockpt-max2400-20260610135726-forst-rs-lib-q5.docker.log	stable_src_polls=7;stable_out_polls=7
csv-1m-accfile-p8-q5-q22-nockpt-max2400-20260610135726	forst-local	q6	1	SUBMIT_FAILED	0	0	0	0	980000	0	SUBMIT_FAILED	0	-	unknown	/home/users/lijunqing/forst-nexmark-q0-q22-work-20260610/results/csv-1m-accfile-p8-q5-q22-nockpt-max2400-20260610135726-forst-local-q6.log	/home/users/lijunqing/forst-nexmark-q0-q22-work-20260610/logs/csv-1m-accfile-p8-q5-q22-nockpt-max2400-20260610135726-forst-local-q6.docker.log	no_job_id
csv-1m-accfile-p8-q5-q22-nockpt-max2400-20260610135726	forst-rs-lib	q6	1	SUBMIT_FAILED	0	0	0	0	980000	0	SUBMIT_FAILED	0	-	unknown	/home/users/lijunqing/forst-nexmark-q0-q22-work-20260610/results/csv-1m-accfile-p8-q5-q22-nockpt-max2400-20260610135726-forst-rs-lib-q6.log	/home/users/lijunqing/forst-nexmark-q0-q22-work-20260610/logs/csv-1m-accfile-p8-q5-q22-nockpt-max2400-20260610135726-forst-rs-lib-q6.docker.log	no_job_id
csv-1m-accfile-p8-q5-q22-nockpt-max2400-20260610135726	forst-local	q7	0	SOURCE_DONE	21497	21.497	42797.55	920019	920000	920010	RUNNING	81	bcbcfe96efa8dd6fc2a1dc36b6ed0917	jar-extracted-libforstjni-linux64.so	/home/users/lijunqing/forst-nexmark-q0-q22-work-20260610/results/csv-1m-accfile-p8-q5-q22-nockpt-max2400-20260610135726-forst-local-q7.log	/home/users/lijunqing/forst-nexmark-q0-q22-work-20260610/logs/csv-1m-accfile-p8-q5-q22-nockpt-max2400-20260610135726-forst-local-q7.docker.log	src_done_elapsed=20;end_dur_ms=81846;out_stable=1
csv-1m-accfile-p8-q5-q22-nockpt-max2400-20260610135726	forst-rs-lib	q7	0	SOURCE_DONE	21477	21.477	42837.41	920019	920000	920010	RUNNING	80	6cdc70bd984d31cb02e6e28a5948cbd2	bench-native-libforstjni.so	/home/users/lijunqing/forst-nexmark-q0-q22-work-20260610/results/csv-1m-accfile-p8-q5-q22-nockpt-max2400-20260610135726-forst-rs-lib-q7.log	/home/users/lijunqing/forst-nexmark-q0-q22-work-20260610/logs/csv-1m-accfile-p8-q5-q22-nockpt-max2400-20260610135726-forst-rs-lib-q7.docker.log	src_done_elapsed=20;end_dur_ms=81823;out_stable=1
csv-1m-accfile-p8-q5-q22-nockpt-max2400-20260610135726	forst-local	q8	0	SOURCE_PLATEAU	91276	91.276	347.73	31739	80000	31129	RUNNING	91	36ece3bc413c111ba31fef7f35179905	jar-extracted-libforstjni-linux64.so	/home/users/lijunqing/forst-nexmark-q0-q22-work-20260610/results/csv-1m-accfile-p8-q5-q22-nockpt-max2400-20260610135726-forst-local-q8.log	/home/users/lijunqing/forst-nexmark-q0-q22-work-20260610/logs/csv-1m-accfile-p8-q5-q22-nockpt-max2400-20260610135726-forst-local-q8.docker.log	stable_src_polls=7;stable_out_polls=7
csv-1m-accfile-p8-q5-q22-nockpt-max2400-20260610135726	forst-rs-lib	q8	0	SOURCE_PLATEAU	92012	92.012	344.87	31732	80000	31129	RUNNING	91	fa810ee5947a0050e8f1bbfc4d72dd09	bench-native-libforstjni.so	/home/users/lijunqing/forst-nexmark-q0-q22-work-20260610/results/csv-1m-accfile-p8-q5-q22-nockpt-max2400-20260610135726-forst-rs-lib-q8.log	/home/users/lijunqing/forst-nexmark-q0-q22-work-20260610/logs/csv-1m-accfile-p8-q5-q22-nockpt-max2400-20260610135726-forst-rs-lib-q8.docker.log	stable_src_polls=7;stable_out_polls=7
csv-1m-accfile-p8-q5-q22-nockpt-max2400-20260610135726	forst-local	q9	141	NO_RESULT	0	0	0	0	0	0	NO_RESULT	0	-	unknown	/home/users/lijunqing/forst-nexmark-q0-q22-work-20260610/results/csv-1m-accfile-p8-q5-q22-nockpt-max2400-20260610135726-forst-local-q9.log	/home/users/lijunqing/forst-nexmark-q0-q22-work-20260610/logs/csv-1m-accfile-p8-q5-q22-nockpt-max2400-20260610135726-forst-local-q9.docker.log	missing_RESULT_TSV
